capture_id,file_path,label,source_domain,center_freq_hz,sample_rate_sps,gain_db,session_id,timestamp,environment,coverage_tags
bg00001,/home/gargoyle/drive/EDGE SYSTEM/RF SUBSYSTEM/SW/no-drone-data/nd_run_01/bg00001_20260306T214943Z_2437000000Hz_20971520sps_35g_s01.s16,no_drone,custom_bg,2437000000,20971520,35,s01,2026-03-06T21:49:43Z,indoor_quiet,indoor|outdoor|low_rf|high_rf|stationary|moving
bg00002,/home/gargoyle/drive/EDGE SYSTEM/RF SUBSYSTEM/SW/no-drone-data/nd_run_01/bg00002_20260306T215819Z_2437000000Hz_20971520sps_35g_s01.s16,no_drone,custom_bg,2437000000,20971520,35,s01,2026-03-06T21:58:19Z,indoor_busy,indoor|outdoor|low_rf|high_rf|stationary|moving
bg00003,/home/gargoyle/drive/EDGE SYSTEM/RF SUBSYSTEM/SW/no-drone-data/nd_run_01/bg00003_20260306T220242Z_2437000000Hz_20971520sps_35g_s01.s16,no_drone,custom_bg,2437000000,20971520,35,s01,2026-03-06T22:02:42Z,outdoor_quiet,indoor|outdoor|low_rf|high_rf|stationary|moving
bg00004,/home/gargoyle/drive/EDGE SYSTEM/RF SUBSYSTEM/SW/no-drone-data/nd_run_01/bg00004_20260306T220725Z_2437000000Hz_20971520sps_35g_s01.s16,no_drone,custom_bg,2437000000,20971520,35,s01,2026-03-06T22:07:25Z,outdoor_busy,indoor|outdoor|low_rf|high_rf|stationary|moving
bg00005,/home/gargoyle/drive/EDGE SYSTEM/RF SUBSYSTEM/SW/no-drone-data/nd_run_01/bg00005_20260306T221159Z_2437000000Hz_20971520sps_35g_s01.s16,no_drone,custom_bg,2437000000,20971520,35,s01,2026-03-06T22:11:59Z,indoor_quiet,indoor|outdoor|low_rf|high_rf|stationary|moving
bg00006,/home/gargoyle/drive/EDGE SYSTEM/RF SUBSYSTEM/SW/no-drone-data/nd_run_01/bg00006_20260306T221626Z_2437000000Hz_20971520sps_35g_s01.s16,no_drone,custom_bg,2437000000,20971520,35,s01,2026-03-06T22:16:26Z,indoor_busy,indoor|outdoor|low_rf|high_rf|stationary|moving
bg00007,/home/gargoyle/drive/EDGE SYSTEM/RF SUBSYSTEM/SW/no-drone-data/nd_run_01/bg00007_20260306T222050Z_2437000000Hz_20971520sps_50g_s01.s16,no_drone,custom_bg,2437000000,20971520,50,s01,2026-03-06T22:20:50Z,outdoor_quiet,indoor|outdoor|low_rf|high_rf|stationary|moving
bg00008,/home/gargoyle/drive/EDGE SYSTEM/RF SUBSYSTEM/SW/no-drone-data/nd_run_01/bg00008_20260306T222538Z_2437000000Hz_20971520sps_50g_s01.s16,no_drone,custom_bg,2437000000,20971520,50,s01,2026-03-06T22:25:38Z,outdoor_busy,indoor|outdoor|low_rf|high_rf|stationary|moving
bg00009,/home/gargoyle/drive/EDGE SYSTEM/RF SUBSYSTEM/SW/no-drone-data/nd_run_01/bg00009_20260306T223020Z_2437000000Hz_20971520sps_50g_s01.s16,no_drone,custom_bg,2437000000,20971520,50,s01,2026-03-06T22:30:20Z,indoor_quiet,indoor|outdoor|low_rf|high_rf|stationary|moving
bg00010,/home/gargoyle/drive/EDGE SYSTEM/RF SUBSYSTEM/SW/no-drone-data/nd_run_01/bg00010_20260306T223445Z_2437000000Hz_20971520sps_50g_s01.s16,no_drone,custom_bg,2437000000,20971520,50,s01,2026-03-06T22:34:45Z,indoor_busy,indoor|outdoor|low_rf|high_rf|stationary|moving
bg00011,/home/gargoyle/drive/EDGE SYSTEM/RF SUBSYSTEM/SW/no-drone-data/nd_run_01/bg00011_20260306T223925Z_2437000000Hz_20971520sps_50g_s01.s16,no_drone,custom_bg,2437000000,20971520,50,s01,2026-03-06T22:39:25Z,outdoor_quiet,indoor|outdoor|low_rf|high_rf|stationary|moving
bg00012,/home/gargoyle/drive/EDGE SYSTEM/RF SUBSYSTEM/SW/no-drone-data/nd_run_01/bg00012_20260306T224412Z_2437000000Hz_20971520sps_50g_s01.s16,no_drone,custom_bg,2437000000,20971520,50,s01,2026-03-06T22:44:12Z,outdoor_busy,indoor|outdoor|low_rf|high_rf|stationary|moving
bg00013,/home/gargoyle/drive/EDGE SYSTEM/RF SUBSYSTEM/SW/no-drone-data/nd_run_01/bg00013_20260306T224847Z_2437000000Hz_20971520sps_65g_s01.s16,no_drone,custom_bg,2437000000,20971520,65,s01,2026-03-06T22:48:47Z,indoor_quiet,indoor|outdoor|low_rf|high_rf|stationary|moving
bg00014,/home/gargoyle/drive/EDGE SYSTEM/RF SUBSYSTEM/SW/no-drone-data/nd_run_01/bg00014_20260306T225342Z_2437000000Hz_20971520sps_65g_s01.s16,no_drone,custom_bg,2437000000,20971520,65,s01,2026-03-06T22:53:42Z,indoor_busy,indoor|outdoor|low_rf|high_rf|stationary|moving
bg00015,/home/gargoyle/drive/EDGE SYSTEM/RF SUBSYSTEM/SW/no-drone-data/nd_run_01/bg00015_20260306T225824Z_2437000000Hz_20971520sps_65g_s01.s16,no_drone,custom_bg,2437000000,20971520,65,s01,2026-03-06T22:58:24Z,outdoor_quiet,indoor|outdoor|low_rf|high_rf|stationary|moving
bg00016,/home/gargoyle/drive/EDGE SYSTEM/RF SUBSYSTEM/SW/no-drone-data/nd_run_01/bg00016_20260306T230255Z_2437000000Hz_20971520sps_65g_s01.s16,no_drone,custom_bg,2437000000,20971520,65,s01,2026-03-06T23:02:55Z,outdoor_busy,indoor|outdoor|low_rf|high_rf|stationary|moving
bg00017,/home/gargoyle/drive/EDGE SYSTEM/RF SUBSYSTEM/SW/no-drone-data/nd_run_01/bg00017_20260306T230707Z_2437000000Hz_20971520sps_65g_s01.s16,no_drone,custom_bg,2437000000,20971520,65,s01,2026-03-06T23:07:07Z,indoor_quiet,indoor|outdoor|low_rf|high_rf|stationary|moving
bg00018,/home/gargoyle/drive/EDGE SYSTEM/RF SUBSYSTEM/SW/no-drone-data/nd_run_01/bg00018_20260306T231130Z_2437000000Hz_20971520sps_65g_s01.s16,no_drone,custom_bg,2437000000,20971520,65,s01,2026-03-06T23:11:30Z,indoor_busy,indoor|outdoor|low_rf|high_rf|stationary|moving
bg00019,/home/gargoyle/drive/EDGE SYSTEM/RF SUBSYSTEM/SW/no-drone-data/nd_run_01/bg00019_20260306T231542Z_2437000000Hz_20971520sps_35g_s02.s16,no_drone,custom_bg,2437000000,20971520,35,s02,2026-03-06T23:15:42Z,outdoor_quiet,indoor|outdoor|low_rf|high_rf|stationary|moving
bg00020,/home/gargoyle/drive/EDGE SYSTEM/RF SUBSYSTEM/SW/no-drone-data/nd_run_01/bg00020_20260306T232001Z_2437000000Hz_20971520sps_35g_s02.s16,no_drone,custom_bg,2437000000,20971520,35,s02,2026-03-06T23:20:01Z,outdoor_busy,indoor|outdoor|low_rf|high_rf|stationary|moving
bg00021,/home/gargoyle/drive/EDGE SYSTEM/RF SUBSYSTEM/SW/no-drone-data/nd_run_01/bg00021_20260306T232427Z_2437000000Hz_20971520sps_35g_s02.s16,no_drone,custom_bg,2437000000,20971520,35,s02,2026-03-06T23:24:27Z,indoor_quiet,indoor|outdoor|low_rf|high_rf|stationary|moving
bg00022,/home/gargoyle/drive/EDGE SYSTEM/RF SUBSYSTEM/SW/no-drone-data/nd_run_01/bg00022_20260306T232855Z_2437000000Hz_20971520sps_35g_s02.s16,no_drone,custom_bg,2437000000,20971520,35,s02,2026-03-06T23:28:55Z,indoor_busy,indoor|outdoor|low_rf|high_rf|stationary|moving
bg00023,/home/gargoyle/drive/EDGE SYSTEM/RF SUBSYSTEM/SW/no-drone-data/nd_run_01/bg00023_20260306T233341Z_2437000000Hz_20971520sps_35g_s02.s16,no_drone,custom_bg,2437000000,20971520,35,s02,2026-03-06T23:33:41Z,outdoor_quiet,indoor|outdoor|low_rf|high_rf|stationary|moving
bg00024,/home/gargoyle/drive/EDGE SYSTEM/RF SUBSYSTEM/SW/no-drone-data/nd_run_01/bg00024_20260306T233811Z_2437000000Hz_20971520sps_35g_s02.s16,no_drone,custom_bg,2437000000,20971520,35,s02,2026-03-06T23:38:11Z,outdoor_busy,indoor|outdoor|low_rf|high_rf|stationary|moving
bg00025,/home/gargoyle/drive/EDGE SYSTEM/RF SUBSYSTEM/SW/no-drone-data/nd_run_01/bg00025_20260306T234239Z_2437000000Hz_20971520sps_50g_s02.s16,no_drone,custom_bg,2437000000,20971520,50,s02,2026-03-06T23:42:39Z,indoor_quiet,indoor|outdoor|low_rf|high_rf|stationary|moving
bg00026,/home/gargoyle/drive/EDGE SYSTEM/RF SUBSYSTEM/SW/no-drone-data/nd_run_01/bg00026_20260306T234707Z_2437000000Hz_20971520sps_50g_s02.s16,no_drone,custom_bg,2437000000,20971520,50,s02,2026-03-06T23:47:07Z,indoor_busy,indoor|outdoor|low_rf|high_rf|stationary|moving
bg00027,/home/gargoyle/drive/EDGE SYSTEM/RF SUBSYSTEM/SW/no-drone-data/nd_run_01/bg00027_20260306T235140Z_2437000000Hz_20971520sps_50g_s02.s16,no_drone,custom_bg,2437000000,20971520,50,s02,2026-03-06T23:51:40Z,outdoor_quiet,indoor|outdoor|low_rf|high_rf|stationary|moving
bg00028,/home/gargoyle/drive/EDGE SYSTEM/RF SUBSYSTEM/SW/no-drone-data/nd_run_01/bg00028_20260306T235605Z_2437000000Hz_20971520sps_50g_s02.s16,no_drone,custom_bg,2437000000,20971520,50,s02,2026-03-06T23:56:05Z,outdoor_busy,indoor|outdoor|low_rf|high_rf|stationary|moving
bg00029,/home/gargoyle/drive/EDGE SYSTEM/RF SUBSYSTEM/SW/no-drone-data/nd_run_01/bg00029_20260307T000032Z_2437000000Hz_20971520sps_50g_s02.s16,no_drone,custom_bg,2437000000,20971520,50,s02,2026-03-07T00:00:32Z,indoor_quiet,indoor|outdoor|low_rf|high_rf|stationary|moving
bg00030,/home/gargoyle/drive/EDGE SYSTEM/RF SUBSYSTEM/SW/no-drone-data/nd_run_01/bg00030_20260307T000456Z_2437000000Hz_20971520sps_50g_s02.s16,no_drone,custom_bg,2437000000,20971520,50,s02,2026-03-07T00:04:56Z,indoor_busy,indoor|outdoor|low_rf|high_rf|stationary|moving
bg00031,/home/gargoyle/drive/EDGE SYSTEM/RF SUBSYSTEM/SW/no-drone-data/nd_run_01/bg00031_20260307T000918Z_2437000000Hz_20971520sps_65g_s02.s16,no_drone,custom_bg,2437000000,20971520,65,s02,2026-03-07T00:09:18Z,outdoor_quiet,indoor|outdoor|low_rf|high_rf|stationary|moving
bg00032,/home/gargoyle/drive/EDGE SYSTEM/RF SUBSYSTEM/SW/no-drone-data/nd_run_01/bg00032_20260307T001338Z_2437000000Hz_20971520sps_65g_s02.s16,no_drone,custom_bg,2437000000,20971520,65,s02,2026-03-07T00:13:38Z,outdoor_busy,indoor|outdoor|low_rf|high_rf|stationary|moving
bg00033,/home/gargoyle/drive/EDGE SYSTEM/RF SUBSYSTEM/SW/no-drone-data/nd_run_01/bg00033_20260307T001755Z_2437000000Hz_20971520sps_65g_s02.s16,no_drone,custom_bg,2437000000,20971520,65,s02,2026-03-07T00:17:55Z,indoor_quiet,indoor|outdoor|low_rf|high_rf|stationary|moving
bg00034,/home/gargoyle/drive/EDGE SYSTEM/RF SUBSYSTEM/SW/no-drone-data/nd_run_01/bg00034_20260307T002212Z_2437000000Hz_20971520sps_65g_s02.s16,no_drone,custom_bg,2437000000,20971520,65,s02,2026-03-07T00:22:12Z,indoor_busy,indoor|outdoor|low_rf|high_rf|stationary|moving
bg00035,/home/gargoyle/drive/EDGE SYSTEM/RF SUBSYSTEM/SW/no-drone-data/nd_run_01/bg00035_20260307T002624Z_2437000000Hz_20971520sps_65g_s02.s16,no_drone,custom_bg,2437000000,20971520,65,s02,2026-03-07T00:26:24Z,outdoor_quiet,indoor|outdoor|low_rf|high_rf|stationary|moving
bg00036,/home/gargoyle/drive/EDGE SYSTEM/RF SUBSYSTEM/SW/no-drone-data/nd_run_01/bg00036_20260307T003034Z_2437000000Hz_20971520sps_65g_s02.s16,no_drone,custom_bg,2437000000,20971520,65,s02,2026-03-07T00:30:34Z,outdoor_busy,indoor|outdoor|low_rf|high_rf|stationary|moving
bg00037,/home/gargoyle/drive/EDGE SYSTEM/RF SUBSYSTEM/SW/no-drone-data/nd_run_01/bg00037_20260307T003442Z_2437000000Hz_20971520sps_35g_s03.s16,no_drone,custom_bg,2437000000,20971520,35,s03,2026-03-07T00:34:42Z,indoor_quiet,indoor|outdoor|low_rf|high_rf|stationary|moving
bg00038,/home/gargoyle/drive/EDGE SYSTEM/RF SUBSYSTEM/SW/no-drone-data/nd_run_01/bg00038_20260307T003851Z_2437000000Hz_20971520sps_35g_s03.s16,no_drone,custom_bg,2437000000,20971520,35,s03,2026-03-07T00:38:51Z,indoor_busy,indoor|outdoor|low_rf|high_rf|stationary|moving
bg00039,/home/gargoyle/drive/EDGE SYSTEM/RF SUBSYSTEM/SW/no-drone-data/nd_run_01/bg00039_20260307T004258Z_2437000000Hz_20971520sps_35g_s03.s16,no_drone,custom_bg,2437000000,20971520,35,s03,2026-03-07T00:42:58Z,outdoor_quiet,indoor|outdoor|low_rf|high_rf|stationary|moving
bg00040,/home/gargoyle/drive/EDGE SYSTEM/RF SUBSYSTEM/SW/no-drone-data/nd_run_01/bg00040_20260307T004703Z_2437000000Hz_20971520sps_35g_s03.s16,no_drone,custom_bg,2437000000,20971520,35,s03,2026-03-07T00:47:03Z,outdoor_busy,indoor|outdoor|low_rf|high_rf|stationary|moving
bg00041,/home/gargoyle/drive/EDGE SYSTEM/RF SUBSYSTEM/SW/no-drone-data/nd_run_01/bg00041_20260307T005119Z_2437000000Hz_20971520sps_35g_s03.s16,no_drone,custom_bg,2437000000,20971520,35,s03,2026-03-07T00:51:19Z,indoor_quiet,indoor|outdoor|low_rf|high_rf|stationary|moving
bg00042,/home/gargoyle/drive/EDGE SYSTEM/RF SUBSYSTEM/SW/no-drone-data/nd_run_01/bg00042_20260307T005544Z_2437000000Hz_20971520sps_35g_s03.s16,no_drone,custom_bg,2437000000,20971520,35,s03,2026-03-07T00:55:44Z,indoor_busy,indoor|outdoor|low_rf|high_rf|stationary|moving
bg00043,/home/gargoyle/drive/EDGE SYSTEM/RF SUBSYSTEM/SW/no-drone-data/nd_run_01/bg00043_20260307T010000Z_2437000000Hz_20971520sps_50g_s03.s16,no_drone,custom_bg,2437000000,20971520,50,s03,2026-03-07T01:00:00Z,outdoor_quiet,indoor|outdoor|low_rf|high_rf|stationary|moving
bg00044,/home/gargoyle/drive/EDGE SYSTEM/RF SUBSYSTEM/SW/no-drone-data/nd_run_01/bg00044_20260307T010416Z_2437000000Hz_20971520sps_50g_s03.s16,no_drone,custom_bg,2437000000,20971520,50,s03,2026-03-07T01:04:16Z,outdoor_busy,indoor|outdoor|low_rf|high_rf|stationary|moving
bg00045,/home/gargoyle/drive/EDGE SYSTEM/RF SUBSYSTEM/SW/no-drone-data/nd_run_01/bg00045_20260307T010833Z_2437000000Hz_20971520sps_50g_s03.s16,no_drone,custom_bg,2437000000,20971520,50,s03,2026-03-07T01:08:33Z,indoor_quiet,indoor|outdoor|low_rf|high_rf|stationary|moving
bg00046,/home/gargoyle/drive/EDGE SYSTEM/RF SUBSYSTEM/SW/no-drone-data/nd_run_01/bg00046_20260307T011247Z_2437000000Hz_20971520sps_50g_s03.s16,no_drone,custom_bg,2437000000,20971520,50,s03,2026-03-07T01:12:47Z,indoor_busy,indoor|outdoor|low_rf|high_rf|stationary|moving
bg00047,/home/gargoyle/drive/EDGE SYSTEM/RF SUBSYSTEM/SW/no-drone-data/nd_run_01/bg00047_20260307T011711Z_2437000000Hz_20971520sps_50g_s03.s16,no_drone,custom_bg,2437000000,20971520,50,s03,2026-03-07T01:17:11Z,outdoor_quiet,indoor|outdoor|low_rf|high_rf|stationary|moving
bg00048,/home/gargoyle/drive/EDGE SYSTEM/RF SUBSYSTEM/SW/no-drone-data/nd_run_01/bg00048_20260307T012129Z_2437000000Hz_20971520sps_50g_s03.s16,no_drone,custom_bg,2437000000,20971520,50,s03,2026-03-07T01:21:29Z,outdoor_busy,indoor|outdoor|low_rf|high_rf|stationary|moving
bg00049,/home/gargoyle/drive/EDGE SYSTEM/RF SUBSYSTEM/SW/no-drone-data/nd_run_01/bg00049_20260307T012544Z_2437000000Hz_20971520sps_65g_s03.s16,no_drone,custom_bg,2437000000,20971520,65,s03,2026-03-07T01:25:44Z,indoor_quiet,indoor|outdoor|low_rf|high_rf|stationary|moving
bg00050,/home/gargoyle/drive/EDGE SYSTEM/RF SUBSYSTEM/SW/no-drone-data/nd_run_01/bg00050_20260307T013001Z_2437000000Hz_20971520sps_65g_s03.s16,no_drone,custom_bg,2437000000,20971520,65,s03,2026-03-07T01:30:01Z,indoor_busy,indoor|outdoor|low_rf|high_rf|stationary|moving
bg00051,/home/gargoyle/drive/EDGE SYSTEM/RF SUBSYSTEM/SW/no-drone-data/nd_run_01/bg00051_20260307T013413Z_2437000000Hz_20971520sps_65g_s03.s16,no_drone,custom_bg,2437000000,20971520,65,s03,2026-03-07T01:34:13Z,outdoor_quiet,indoor|outdoor|low_rf|high_rf|stationary|moving
bg00052,/home/gargoyle/drive/EDGE SYSTEM/RF SUBSYSTEM/SW/no-drone-data/nd_run_01/bg00052_20260307T013816Z_2437000000Hz_20971520sps_65g_s03.s16,no_drone,custom_bg,2437000000,20971520,65,s03,2026-03-07T01:38:16Z,outdoor_busy,indoor|outdoor|low_rf|high_rf|stationary|moving
bg00053,/home/gargoyle/drive/EDGE SYSTEM/RF SUBSYSTEM/SW/no-drone-data/nd_run_01/bg00053_20260307T014224Z_2437000000Hz_20971520sps_65g_s03.s16,no_drone,custom_bg,2437000000,20971520,65,s03,2026-03-07T01:42:24Z,indoor_quiet,indoor|outdoor|low_rf|high_rf|stationary|moving
bg00054,/home/gargoyle/drive/EDGE SYSTEM/RF SUBSYSTEM/SW/no-drone-data/nd_run_01/bg00054_20260307T014627Z_2437000000Hz_20971520sps_65g_s03.s16,no_drone,custom_bg,2437000000,20971520,65,s03,2026-03-07T01:46:27Z,indoor_busy,indoor|outdoor|low_rf|high_rf|stationary|moving
bg00055,/home/gargoyle/drive/EDGE SYSTEM/RF SUBSYSTEM/SW/no-drone-data/nd_run_01/bg00055_20260307T015032Z_2437000000Hz_20971520sps_35g_s04.s16,no_drone,custom_bg,2437000000,20971520,35,s04,2026-03-07T01:50:32Z,outdoor_quiet,indoor|outdoor|low_rf|high_rf|stationary|moving
bg00056,/home/gargoyle/drive/EDGE SYSTEM/RF SUBSYSTEM/SW/no-drone-data/nd_run_01/bg00056_20260307T015445Z_2437000000Hz_20971520sps_35g_s04.s16,no_drone,custom_bg,2437000000,20971520,35,s04,2026-03-07T01:54:45Z,outdoor_busy,indoor|outdoor|low_rf|high_rf|stationary|moving
bg00057,/home/gargoyle/drive/EDGE SYSTEM/RF SUBSYSTEM/SW/no-drone-data/nd_run_01/bg00057_20260307T015858Z_2437000000Hz_20971520sps_35g_s04.s16,no_drone,custom_bg,2437000000,20971520,35,s04,2026-03-07T01:58:58Z,indoor_quiet,indoor|outdoor|low_rf|high_rf|stationary|moving
bg00058,/home/gargoyle/drive/EDGE SYSTEM/RF SUBSYSTEM/SW/no-drone-data/nd_run_01/bg00058_20260307T020305Z_2437000000Hz_20971520sps_35g_s04.s16,no_drone,custom_bg,2437000000,20971520,35,s04,2026-03-07T02:03:05Z,indoor_busy,indoor|outdoor|low_rf|high_rf|stationary|moving
bg00059,/home/gargoyle/drive/EDGE SYSTEM/RF SUBSYSTEM/SW/no-drone-data/nd_run_01/bg00059_20260307T020710Z_2437000000Hz_20971520sps_35g_s04.s16,no_drone,custom_bg,2437000000,20971520,35,s04,2026-03-07T02:07:10Z,outdoor_quiet,indoor|outdoor|low_rf|high_rf|stationary|moving
bg00060,/home/gargoyle/drive/EDGE SYSTEM/RF SUBSYSTEM/SW/no-drone-data/nd_run_01/bg00060_20260307T021115Z_2437000000Hz_20971520sps_35g_s04.s16,no_drone,custom_bg,2437000000,20971520,35,s04,2026-03-07T02:11:15Z,outdoor_busy,indoor|outdoor|low_rf|high_rf|stationary|moving
bg00061,/home/gargoyle/drive/EDGE SYSTEM/RF SUBSYSTEM/SW/no-drone-data/nd_run_01/bg00061_20260307T021522Z_2437000000Hz_20971520sps_50g_s04.s16,no_drone,custom_bg,2437000000,20971520,50,s04,2026-03-07T02:15:22Z,indoor_quiet,indoor|outdoor|low_rf|high_rf|stationary|moving
bg00062,/home/gargoyle/drive/EDGE SYSTEM/RF SUBSYSTEM/SW/no-drone-data/nd_run_01/bg00062_20260307T021924Z_2437000000Hz_20971520sps_50g_s04.s16,no_drone,custom_bg,2437000000,20971520,50,s04,2026-03-07T02:19:24Z,indoor_busy,indoor|outdoor|low_rf|high_rf|stationary|moving
bg00063,/home/gargoyle/drive/EDGE SYSTEM/RF SUBSYSTEM/SW/no-drone-data/nd_run_01/bg00063_20260307T022330Z_2437000000Hz_20971520sps_50g_s04.s16,no_drone,custom_bg,2437000000,20971520,50,s04,2026-03-07T02:23:30Z,outdoor_quiet,indoor|outdoor|low_rf|high_rf|stationary|moving
bg00064,/home/gargoyle/drive/EDGE SYSTEM/RF SUBSYSTEM/SW/no-drone-data/nd_run_01/bg00064_20260307T022734Z_2437000000Hz_20971520sps_50g_s04.s16,no_drone,custom_bg,2437000000,20971520,50,s04,2026-03-07T02:27:34Z,outdoor_busy,indoor|outdoor|low_rf|high_rf|stationary|moving
bg00065,/home/gargoyle/drive/EDGE SYSTEM/RF SUBSYSTEM/SW/no-drone-data/nd_run_01/bg00065_20260307T023137Z_2437000000Hz_20971520sps_50g_s04.s16,no_drone,custom_bg,2437000000,20971520,50,s04,2026-03-07T02:31:37Z,indoor_quiet,indoor|outdoor|low_rf|high_rf|stationary|moving
bg00066,/home/gargoyle/drive/EDGE SYSTEM/RF SUBSYSTEM/SW/no-drone-data/nd_run_01/bg00066_20260307T023540Z_2437000000Hz_20971520sps_50g_s04.s16,no_drone,custom_bg,2437000000,20971520,50,s04,2026-03-07T02:35:40Z,indoor_busy,indoor|outdoor|low_rf|high_rf|stationary|moving
bg00067,/home/gargoyle/drive/EDGE SYSTEM/RF SUBSYSTEM/SW/no-drone-data/nd_run_01/bg00067_20260307T023953Z_2437000000Hz_20971520sps_65g_s04.s16,no_drone,custom_bg,2437000000,20971520,65,s04,2026-03-07T02:39:53Z,outdoor_quiet,indoor|outdoor|low_rf|high_rf|stationary|moving
bg00068,/home/gargoyle/drive/EDGE SYSTEM/RF SUBSYSTEM/SW/no-drone-data/nd_run_01/bg00068_20260307T024354Z_2437000000Hz_20971520sps_65g_s04.s16,no_drone,custom_bg,2437000000,20971520,65,s04,2026-03-07T02:43:54Z,outdoor_busy,indoor|outdoor|low_rf|high_rf|stationary|moving
bg00069,/home/gargoyle/drive/EDGE SYSTEM/RF SUBSYSTEM/SW/no-drone-data/nd_run_01/bg00069_20260307T024758Z_2437000000Hz_20971520sps_65g_s04.s16,no_drone,custom_bg,2437000000,20971520,65,s04,2026-03-07T02:47:58Z,indoor_quiet,indoor|outdoor|low_rf|high_rf|stationary|moving
bg00070,/home/gargoyle/drive/EDGE SYSTEM/RF SUBSYSTEM/SW/no-drone-data/nd_run_01/bg00070_20260307T025200Z_2437000000Hz_20971520sps_65g_s04.s16,no_drone,custom_bg,2437000000,20971520,65,s04,2026-03-07T02:52:00Z,indoor_busy,indoor|outdoor|low_rf|high_rf|stationary|moving
bg00071,/home/gargoyle/drive/EDGE SYSTEM/RF SUBSYSTEM/SW/no-drone-data/nd_run_01/bg00071_20260307T025606Z_2437000000Hz_20971520sps_65g_s04.s16,no_drone,custom_bg,2437000000,20971520,65,s04,2026-03-07T02:56:06Z,outdoor_quiet,indoor|outdoor|low_rf|high_rf|stationary|moving
bg00072,/home/gargoyle/drive/EDGE SYSTEM/RF SUBSYSTEM/SW/no-drone-data/nd_run_01/bg00072_20260307T030012Z_2437000000Hz_20971520sps_65g_s04.s16,no_drone,custom_bg,2437000000,20971520,65,s04,2026-03-07T03:00:12Z,outdoor_busy,indoor|outdoor|low_rf|high_rf|stationary|moving
bg00073,/home/gargoyle/drive/EDGE SYSTEM/RF SUBSYSTEM/SW/no-drone-data/nd_run_01/bg00073_20260307T030415Z_2437000000Hz_20971520sps_35g_s05.s16,no_drone,custom_bg,2437000000,20971520,35,s05,2026-03-07T03:04:15Z,indoor_quiet,indoor|outdoor|low_rf|high_rf|stationary|moving
bg00074,/home/gargoyle/drive/EDGE SYSTEM/RF SUBSYSTEM/SW/no-drone-data/nd_run_01/bg00074_20260307T030820Z_2437000000Hz_20971520sps_35g_s05.s16,no_drone,custom_bg,2437000000,20971520,35,s05,2026-03-07T03:08:20Z,indoor_busy,indoor|outdoor|low_rf|high_rf|stationary|moving
bg00075,/home/gargoyle/drive/EDGE SYSTEM/RF SUBSYSTEM/SW/no-drone-data/nd_run_01/bg00075_20260307T031226Z_2437000000Hz_20971520sps_35g_s05.s16,no_drone,custom_bg,2437000000,20971520,35,s05,2026-03-07T03:12:26Z,outdoor_quiet,indoor|outdoor|low_rf|high_rf|stationary|moving
bg00076,/home/gargoyle/drive/EDGE SYSTEM/RF SUBSYSTEM/SW/no-drone-data/nd_run_01/bg00076_20260307T031635Z_2437000000Hz_20971520sps_35g_s05.s16,no_drone,custom_bg,2437000000,20971520,35,s05,2026-03-07T03:16:35Z,outdoor_busy,indoor|outdoor|low_rf|high_rf|stationary|moving
bg00077,/home/gargoyle/drive/EDGE SYSTEM/RF SUBSYSTEM/SW/no-drone-data/nd_run_01/bg00077_20260307T032042Z_2437000000Hz_20971520sps_35g_s05.s16,no_drone,custom_bg,2437000000,20971520,35,s05,2026-03-07T03:20:42Z,indoor_quiet,indoor|outdoor|low_rf|high_rf|stationary|moving
bg00078,/home/gargoyle/drive/EDGE SYSTEM/RF SUBSYSTEM/SW/no-drone-data/nd_run_01/bg00078_20260307T032445Z_2437000000Hz_20971520sps_35g_s05.s16,no_drone,custom_bg,2437000000,20971520,35,s05,2026-03-07T03:24:45Z,indoor_busy,indoor|outdoor|low_rf|high_rf|stationary|moving
bg00079,/home/gargoyle/drive/EDGE SYSTEM/RF SUBSYSTEM/SW/no-drone-data/nd_run_01/bg00079_20260307T032855Z_2437000000Hz_20971520sps_50g_s05.s16,no_drone,custom_bg,2437000000,20971520,50,s05,2026-03-07T03:28:55Z,outdoor_quiet,indoor|outdoor|low_rf|high_rf|stationary|moving
bg00080,/home/gargoyle/drive/EDGE SYSTEM/RF SUBSYSTEM/SW/no-drone-data/nd_run_01/bg00080_20260307T033304Z_2437000000Hz_20971520sps_50g_s05.s16,no_drone,custom_bg,2437000000,20971520,50,s05,2026-03-07T03:33:04Z,outdoor_busy,indoor|outdoor|low_rf|high_rf|stationary|moving
bg00081,/home/gargoyle/drive/EDGE SYSTEM/RF SUBSYSTEM/SW/no-drone-data/nd_run_01/bg00081_20260307T033713Z_2437000000Hz_20971520sps_50g_s05.s16,no_drone,custom_bg,2437000000,20971520,50,s05,2026-03-07T03:37:13Z,indoor_quiet,indoor|outdoor|low_rf|high_rf|stationary|moving
bg00082,/home/gargoyle/drive/EDGE SYSTEM/RF SUBSYSTEM/SW/no-drone-data/nd_run_01/bg00082_20260307T034127Z_2437000000Hz_20971520sps_50g_s05.s16,no_drone,custom_bg,2437000000,20971520,50,s05,2026-03-07T03:41:27Z,indoor_busy,indoor|outdoor|low_rf|high_rf|stationary|moving
bg00083,/home/gargoyle/drive/EDGE SYSTEM/RF SUBSYSTEM/SW/no-drone-data/nd_run_01/bg00083_20260307T034539Z_2437000000Hz_20971520sps_50g_s05.s16,no_drone,custom_bg,2437000000,20971520,50,s05,2026-03-07T03:45:39Z,outdoor_quiet,indoor|outdoor|low_rf|high_rf|stationary|moving
bg00084,/home/gargoyle/drive/EDGE SYSTEM/RF SUBSYSTEM/SW/no-drone-data/nd_run_01/bg00084_20260307T034955Z_2437000000Hz_20971520sps_50g_s05.s16,no_drone,custom_bg,2437000000,20971520,50,s05,2026-03-07T03:49:55Z,outdoor_busy,indoor|outdoor|low_rf|high_rf|stationary|moving
bg00085,/home/gargoyle/drive/EDGE SYSTEM/RF SUBSYSTEM/SW/no-drone-data/nd_run_01/bg00085_20260307T035410Z_2437000000Hz_20971520sps_65g_s05.s16,no_drone,custom_bg,2437000000,20971520,65,s05,2026-03-07T03:54:10Z,indoor_quiet,indoor|outdoor|low_rf|high_rf|stationary|moving
bg00086,/home/gargoyle/drive/EDGE SYSTEM/RF SUBSYSTEM/SW/no-drone-data/nd_run_01/bg00086_20260307T035819Z_2437000000Hz_20971520sps_65g_s05.s16,no_drone,custom_bg,2437000000,20971520,65,s05,2026-03-07T03:58:19Z,indoor_busy,indoor|outdoor|low_rf|high_rf|stationary|moving
bg00087,/home/gargoyle/drive/EDGE SYSTEM/RF SUBSYSTEM/SW/no-drone-data/nd_run_01/bg00087_20260307T040229Z_2437000000Hz_20971520sps_65g_s05.s16,no_drone,custom_bg,2437000000,20971520,65,s05,2026-03-07T04:02:29Z,outdoor_quiet,indoor|outdoor|low_rf|high_rf|stationary|moving
bg00088,/home/gargoyle/drive/EDGE SYSTEM/RF SUBSYSTEM/SW/no-drone-data/nd_run_01/bg00088_20260307T040640Z_2437000000Hz_20971520sps_65g_s05.s16,no_drone,custom_bg,2437000000,20971520,65,s05,2026-03-07T04:06:40Z,outdoor_busy,indoor|outdoor|low_rf|high_rf|stationary|moving
bg00089,/home/gargoyle/drive/EDGE SYSTEM/RF SUBSYSTEM/SW/no-drone-data/nd_run_01/bg00089_20260307T041048Z_2437000000Hz_20971520sps_65g_s05.s16,no_drone,custom_bg,2437000000,20971520,65,s05,2026-03-07T04:10:48Z,indoor_quiet,indoor|outdoor|low_rf|high_rf|stationary|moving
bg00090,/home/gargoyle/drive/EDGE SYSTEM/RF SUBSYSTEM/SW/no-drone-data/nd_run_01/bg00090_20260307T041458Z_2437000000Hz_20971520sps_65g_s05.s16,no_drone,custom_bg,2437000000,20971520,65,s05,2026-03-07T04:14:58Z,indoor_busy,indoor|outdoor|low_rf|high_rf|stationary|moving
bg00091,/home/gargoyle/drive/EDGE SYSTEM/RF SUBSYSTEM/SW/no-drone-data/nd_run_01/bg00091_20260307T041917Z_2437000000Hz_20971520sps_35g_s06.s16,no_drone,custom_bg,2437000000,20971520,35,s06,2026-03-07T04:19:17Z,outdoor_quiet,indoor|outdoor|low_rf|high_rf|stationary|moving
bg00092,/home/gargoyle/drive/EDGE SYSTEM/RF SUBSYSTEM/SW/no-drone-data/nd_run_01/bg00092_20260307T042330Z_2437000000Hz_20971520sps_35g_s06.s16,no_drone,custom_bg,2437000000,20971520,35,s06,2026-03-07T04:23:30Z,outdoor_busy,indoor|outdoor|low_rf|high_rf|stationary|moving
bg00093,/home/gargoyle/drive/EDGE SYSTEM/RF SUBSYSTEM/SW/no-drone-data/nd_run_01/bg00093_20260307T042738Z_2437000000Hz_20971520sps_35g_s06.s16,no_drone,custom_bg,2437000000,20971520,35,s06,2026-03-07T04:27:38Z,indoor_quiet,indoor|outdoor|low_rf|high_rf|stationary|moving
bg00094,/home/gargoyle/drive/EDGE SYSTEM/RF SUBSYSTEM/SW/no-drone-data/nd_run_01/bg00094_20260307T043202Z_2437000000Hz_20971520sps_35g_s06.s16,no_drone,custom_bg,2437000000,20971520,35,s06,2026-03-07T04:32:02Z,indoor_busy,indoor|outdoor|low_rf|high_rf|stationary|moving
bg00095,/home/gargoyle/drive/EDGE SYSTEM/RF SUBSYSTEM/SW/no-drone-data/nd_run_01/bg00095_20260307T043608Z_2437000000Hz_20971520sps_35g_s06.s16,no_drone,custom_bg,2437000000,20971520,35,s06,2026-03-07T04:36:08Z,outdoor_quiet,indoor|outdoor|low_rf|high_rf|stationary|moving
bg00096,/home/gargoyle/drive/EDGE SYSTEM/RF SUBSYSTEM/SW/no-drone-data/nd_run_01/bg00096_20260307T044013Z_2437000000Hz_20971520sps_35g_s06.s16,no_drone,custom_bg,2437000000,20971520,35,s06,2026-03-07T04:40:13Z,outdoor_busy,indoor|outdoor|low_rf|high_rf|stationary|moving
bg00097,/home/gargoyle/drive/EDGE SYSTEM/RF SUBSYSTEM/SW/no-drone-data/nd_run_01/bg00097_20260307T044424Z_2437000000Hz_20971520sps_50g_s06.s16,no_drone,custom_bg,2437000000,20971520,50,s06,2026-03-07T04:44:24Z,indoor_quiet,indoor|outdoor|low_rf|high_rf|stationary|moving
bg00098,/home/gargoyle/drive/EDGE SYSTEM/RF SUBSYSTEM/SW/no-drone-data/nd_run_01/bg00098_20260307T044829Z_2437000000Hz_20971520sps_50g_s06.s16,no_drone,custom_bg,2437000000,20971520,50,s06,2026-03-07T04:48:29Z,indoor_busy,indoor|outdoor|low_rf|high_rf|stationary|moving
bg00099,/home/gargoyle/drive/EDGE SYSTEM/RF SUBSYSTEM/SW/no-drone-data/nd_run_01/bg00099_20260307T045231Z_2437000000Hz_20971520sps_50g_s06.s16,no_drone,custom_bg,2437000000,20971520,50,s06,2026-03-07T04:52:31Z,outdoor_quiet,indoor|outdoor|low_rf|high_rf|stationary|moving
bg00100,/home/gargoyle/drive/EDGE SYSTEM/RF SUBSYSTEM/SW/no-drone-data/nd_run_01/bg00100_20260307T045635Z_2437000000Hz_20971520sps_50g_s06.s16,no_drone,custom_bg,2437000000,20971520,50,s06,2026-03-07T04:56:35Z,outdoor_busy,indoor|outdoor|low_rf|high_rf|stationary|moving
bg00101,/home/gargoyle/drive/EDGE SYSTEM/RF SUBSYSTEM/SW/no-drone-data/nd_run_01/bg00101_20260307T050040Z_2437000000Hz_20971520sps_50g_s06.s16,no_drone,custom_bg,2437000000,20971520,50,s06,2026-03-07T05:00:40Z,indoor_quiet,indoor|outdoor|low_rf|high_rf|stationary|moving
bg00102,/home/gargoyle/drive/EDGE SYSTEM/RF SUBSYSTEM/SW/no-drone-data/nd_run_01/bg00102_20260307T050444Z_2437000000Hz_20971520sps_50g_s06.s16,no_drone,custom_bg,2437000000,20971520,50,s06,2026-03-07T05:04:44Z,indoor_busy,indoor|outdoor|low_rf|high_rf|stationary|moving
bg00103,/home/gargoyle/drive/EDGE SYSTEM/RF SUBSYSTEM/SW/no-drone-data/nd_run_01/bg00103_20260307T050848Z_2437000000Hz_20971520sps_65g_s06.s16,no_drone,custom_bg,2437000000,20971520,65,s06,2026-03-07T05:08:48Z,outdoor_quiet,indoor|outdoor|low_rf|high_rf|stationary|moving
bg00104,/home/gargoyle/drive/EDGE SYSTEM/RF SUBSYSTEM/SW/no-drone-data/nd_run_01/bg00104_20260307T051252Z_2437000000Hz_20971520sps_65g_s06.s16,no_drone,custom_bg,2437000000,20971520,65,s06,2026-03-07T05:12:52Z,outdoor_busy,indoor|outdoor|low_rf|high_rf|stationary|moving
bg00105,/home/gargoyle/drive/EDGE SYSTEM/RF SUBSYSTEM/SW/no-drone-data/nd_run_01/bg00105_20260307T051654Z_2437000000Hz_20971520sps_65g_s06.s16,no_drone,custom_bg,2437000000,20971520,65,s06,2026-03-07T05:16:54Z,indoor_quiet,indoor|outdoor|low_rf|high_rf|stationary|moving
bg00106,/home/gargoyle/drive/EDGE SYSTEM/RF SUBSYSTEM/SW/no-drone-data/nd_run_01/bg00106_20260307T052057Z_2437000000Hz_20971520sps_65g_s06.s16,no_drone,custom_bg,2437000000,20971520,65,s06,2026-03-07T05:20:57Z,indoor_busy,indoor|outdoor|low_rf|high_rf|stationary|moving
bg00107,/home/gargoyle/drive/EDGE SYSTEM/RF SUBSYSTEM/SW/no-drone-data/nd_run_01/bg00107_20260307T052500Z_2437000000Hz_20971520sps_65g_s06.s16,no_drone,custom_bg,2437000000,20971520,65,s06,2026-03-07T05:25:00Z,outdoor_quiet,indoor|outdoor|low_rf|high_rf|stationary|moving
bg00108,/home/gargoyle/drive/EDGE SYSTEM/RF SUBSYSTEM/SW/no-drone-data/nd_run_01/bg00108_20260307T052901Z_2437000000Hz_20971520sps_65g_s06.s16,no_drone,custom_bg,2437000000,20971520,65,s06,2026-03-07T05:29:01Z,outdoor_busy,indoor|outdoor|low_rf|high_rf|stationary|moving
bg00109,/home/gargoyle/drive/EDGE SYSTEM/RF SUBSYSTEM/SW/no-drone-data/nd_run_01/bg00109_20260307T053309Z_2437000000Hz_20971520sps_35g_s07.s16,no_drone,custom_bg,2437000000,20971520,35,s07,2026-03-07T05:33:09Z,indoor_quiet,indoor|outdoor|low_rf|high_rf|stationary|moving
bg00110,/home/gargoyle/drive/EDGE SYSTEM/RF SUBSYSTEM/SW/no-drone-data/nd_run_01/bg00110_20260307T053711Z_2437000000Hz_20971520sps_35g_s07.s16,no_drone,custom_bg,2437000000,20971520,35,s07,2026-03-07T05:37:11Z,indoor_busy,indoor|outdoor|low_rf|high_rf|stationary|moving
bg00111,/home/gargoyle/drive/EDGE SYSTEM/RF SUBSYSTEM/SW/no-drone-data/nd_run_01/bg00111_20260307T054113Z_2437000000Hz_20971520sps_35g_s07.s16,no_drone,custom_bg,2437000000,20971520,35,s07,2026-03-07T05:41:13Z,outdoor_quiet,indoor|outdoor|low_rf|high_rf|stationary|moving
bg00112,/home/gargoyle/drive/EDGE SYSTEM/RF SUBSYSTEM/SW/no-drone-data/nd_run_01/bg00112_20260307T054516Z_2437000000Hz_20971520sps_35g_s07.s16,no_drone,custom_bg,2437000000,20971520,35,s07,2026-03-07T05:45:16Z,outdoor_busy,indoor|outdoor|low_rf|high_rf|stationary|moving
bg00113,/home/gargoyle/drive/EDGE SYSTEM/RF SUBSYSTEM/SW/no-drone-data/nd_run_01/bg00113_20260307T054919Z_2437000000Hz_20971520sps_35g_s07.s16,no_drone,custom_bg,2437000000,20971520,35,s07,2026-03-07T05:49:19Z,indoor_quiet,indoor|outdoor|low_rf|high_rf|stationary|moving
bg00114,/home/gargoyle/drive/EDGE SYSTEM/RF SUBSYSTEM/SW/no-drone-data/nd_run_01/bg00114_20260307T055323Z_2437000000Hz_20971520sps_35g_s07.s16,no_drone,custom_bg,2437000000,20971520,35,s07,2026-03-07T05:53:23Z,indoor_busy,indoor|outdoor|low_rf|high_rf|stationary|moving
bg00115,/home/gargoyle/drive/EDGE SYSTEM/RF SUBSYSTEM/SW/no-drone-data/nd_run_01/bg00115_20260307T055723Z_2437000000Hz_20971520sps_50g_s07.s16,no_drone,custom_bg,2437000000,20971520,50,s07,2026-03-07T05:57:23Z,outdoor_quiet,indoor|outdoor|low_rf|high_rf|stationary|moving
bg00116,/home/gargoyle/drive/EDGE SYSTEM/RF SUBSYSTEM/SW/no-drone-data/nd_run_01/bg00116_20260307T060127Z_2437000000Hz_20971520sps_50g_s07.s16,no_drone,custom_bg,2437000000,20971520,50,s07,2026-03-07T06:01:27Z,outdoor_busy,indoor|outdoor|low_rf|high_rf|stationary|moving
bg00117,/home/gargoyle/drive/EDGE SYSTEM/RF SUBSYSTEM/SW/no-drone-data/nd_run_01/bg00117_20260307T060540Z_2437000000Hz_20971520sps_50g_s07.s16,no_drone,custom_bg,2437000000,20971520,50,s07,2026-03-07T06:05:40Z,indoor_quiet,indoor|outdoor|low_rf|high_rf|stationary|moving
bg00118,/home/gargoyle/drive/EDGE SYSTEM/RF SUBSYSTEM/SW/no-drone-data/nd_run_01/bg00118_20260307T060945Z_2437000000Hz_20971520sps_50g_s07.s16,no_drone,custom_bg,2437000000,20971520,50,s07,2026-03-07T06:09:45Z,indoor_busy,indoor|outdoor|low_rf|high_rf|stationary|moving
bg00119,/home/gargoyle/drive/EDGE SYSTEM/RF SUBSYSTEM/SW/no-drone-data/nd_run_01/bg00119_20260307T061348Z_2437000000Hz_20971520sps_50g_s07.s16,no_drone,custom_bg,2437000000,20971520,50,s07,2026-03-07T06:13:48Z,outdoor_quiet,indoor|outdoor|low_rf|high_rf|stationary|moving
bg00120,/home/gargoyle/drive/EDGE SYSTEM/RF SUBSYSTEM/SW/no-drone-data/nd_run_01/bg00120_20260307T061753Z_2437000000Hz_20971520sps_50g_s07.s16,no_drone,custom_bg,2437000000,20971520,50,s07,2026-03-07T06:17:53Z,outdoor_busy,indoor|outdoor|low_rf|high_rf|stationary|moving
bg00121,/home/gargoyle/drive/EDGE SYSTEM/RF SUBSYSTEM/SW/no-drone-data/nd_run_01/bg00121_20260307T062156Z_2437000000Hz_20971520sps_65g_s07.s16,no_drone,custom_bg,2437000000,20971520,65,s07,2026-03-07T06:21:56Z,indoor_quiet,indoor|outdoor|low_rf|high_rf|stationary|moving
bg00122,/home/gargoyle/drive/EDGE SYSTEM/RF SUBSYSTEM/SW/no-drone-data/nd_run_01/bg00122_20260307T062600Z_2437000000Hz_20971520sps_65g_s07.s16,no_drone,custom_bg,2437000000,20971520,65,s07,2026-03-07T06:26:00Z,indoor_busy,indoor|outdoor|low_rf|high_rf|stationary|moving
bg00123,/home/gargoyle/drive/EDGE SYSTEM/RF SUBSYSTEM/SW/no-drone-data/nd_run_01/bg00123_20260307T063001Z_2437000000Hz_20971520sps_65g_s07.s16,no_drone,custom_bg,2437000000,20971520,65,s07,2026-03-07T06:30:01Z,outdoor_quiet,indoor|outdoor|low_rf|high_rf|stationary|moving
bg00124,/home/gargoyle/drive/EDGE SYSTEM/RF SUBSYSTEM/SW/no-drone-data/nd_run_01/bg00124_20260307T063413Z_2437000000Hz_20971520sps_65g_s07.s16,no_drone,custom_bg,2437000000,20971520,65,s07,2026-03-07T06:34:13Z,outdoor_busy,indoor|outdoor|low_rf|high_rf|stationary|moving
bg00125,/home/gargoyle/drive/EDGE SYSTEM/RF SUBSYSTEM/SW/no-drone-data/nd_run_01/bg00125_20260307T063819Z_2437000000Hz_20971520sps_65g_s07.s16,no_drone,custom_bg,2437000000,20971520,65,s07,2026-03-07T06:38:19Z,indoor_quiet,indoor|outdoor|low_rf|high_rf|stationary|moving
bg00126,/home/gargoyle/drive/EDGE SYSTEM/RF SUBSYSTEM/SW/no-drone-data/nd_run_01/bg00126_20260307T064222Z_2437000000Hz_20971520sps_65g_s07.s16,no_drone,custom_bg,2437000000,20971520,65,s07,2026-03-07T06:42:22Z,indoor_busy,indoor|outdoor|low_rf|high_rf|stationary|moving
bg00127,/home/gargoyle/drive/EDGE SYSTEM/RF SUBSYSTEM/SW/no-drone-data/nd_run_01/bg00127_20260307T064624Z_2437000000Hz_20971520sps_35g_s08.s16,no_drone,custom_bg,2437000000,20971520,35,s08,2026-03-07T06:46:24Z,outdoor_quiet,indoor|outdoor|low_rf|high_rf|stationary|moving
bg00128,/home/gargoyle/drive/EDGE SYSTEM/RF SUBSYSTEM/SW/no-drone-data/nd_run_01/bg00128_20260307T065030Z_2437000000Hz_20971520sps_35g_s08.s16,no_drone,custom_bg,2437000000,20971520,35,s08,2026-03-07T06:50:30Z,outdoor_busy,indoor|outdoor|low_rf|high_rf|stationary|moving
bg00129,/home/gargoyle/drive/EDGE SYSTEM/RF SUBSYSTEM/SW/no-drone-data/nd_run_01/bg00129_20260307T065435Z_2437000000Hz_20971520sps_35g_s08.s16,no_drone,custom_bg,2437000000,20971520,35,s08,2026-03-07T06:54:35Z,indoor_quiet,indoor|outdoor|low_rf|high_rf|stationary|moving
bg00130,/home/gargoyle/drive/EDGE SYSTEM/RF SUBSYSTEM/SW/no-drone-data/nd_run_01/bg00130_20260307T065841Z_2437000000Hz_20971520sps_35g_s08.s16,no_drone,custom_bg,2437000000,20971520,35,s08,2026-03-07T06:58:41Z,indoor_busy,indoor|outdoor|low_rf|high_rf|stationary|moving
bg00131,/home/gargoyle/drive/EDGE SYSTEM/RF SUBSYSTEM/SW/no-drone-data/nd_run_01/bg00131_20260307T070249Z_2437000000Hz_20971520sps_35g_s08.s16,no_drone,custom_bg,2437000000,20971520,35,s08,2026-03-07T07:02:49Z,outdoor_quiet,indoor|outdoor|low_rf|high_rf|stationary|moving
bg00132,/home/gargoyle/drive/EDGE SYSTEM/RF SUBSYSTEM/SW/no-drone-data/nd_run_01/bg00132_20260307T070656Z_2437000000Hz_20971520sps_35g_s08.s16,no_drone,custom_bg,2437000000,20971520,35,s08,2026-03-07T07:06:56Z,outdoor_busy,indoor|outdoor|low_rf|high_rf|stationary|moving
bg00133,/home/gargoyle/drive/EDGE SYSTEM/RF SUBSYSTEM/SW/no-drone-data/nd_run_01/bg00133_20260307T071101Z_2437000000Hz_20971520sps_50g_s08.s16,no_drone,custom_bg,2437000000,20971520,50,s08,2026-03-07T07:11:01Z,indoor_quiet,indoor|outdoor|low_rf|high_rf|stationary|moving
bg00134,/home/gargoyle/drive/EDGE SYSTEM/RF SUBSYSTEM/SW/no-drone-data/nd_run_01/bg00134_20260307T071520Z_2437000000Hz_20971520sps_50g_s08.s16,no_drone,custom_bg,2437000000,20971520,50,s08,2026-03-07T07:15:20Z,indoor_busy,indoor|outdoor|low_rf|high_rf|stationary|moving
bg00135,/home/gargoyle/drive/EDGE SYSTEM/RF SUBSYSTEM/SW/no-drone-data/nd_run_01/bg00135_20260307T071934Z_2437000000Hz_20971520sps_50g_s08.s16,no_drone,custom_bg,2437000000,20971520,50,s08,2026-03-07T07:19:34Z,outdoor_quiet,indoor|outdoor|low_rf|high_rf|stationary|moving
bg00136,/home/gargoyle/drive/EDGE SYSTEM/RF SUBSYSTEM/SW/no-drone-data/nd_run_01/bg00136_20260307T072347Z_2437000000Hz_20971520sps_50g_s08.s16,no_drone,custom_bg,2437000000,20971520,50,s08,2026-03-07T07:23:47Z,outdoor_busy,indoor|outdoor|low_rf|high_rf|stationary|moving
bg00137,/home/gargoyle/drive/EDGE SYSTEM/RF SUBSYSTEM/SW/no-drone-data/nd_run_01/bg00137_20260307T072755Z_2437000000Hz_20971520sps_50g_s08.s16,no_drone,custom_bg,2437000000,20971520,50,s08,2026-03-07T07:27:55Z,indoor_quiet,indoor|outdoor|low_rf|high_rf|stationary|moving
bg00138,/home/gargoyle/drive/EDGE SYSTEM/RF SUBSYSTEM/SW/no-drone-data/nd_run_01/bg00138_20260307T073205Z_2437000000Hz_20971520sps_50g_s08.s16,no_drone,custom_bg,2437000000,20971520,50,s08,2026-03-07T07:32:05Z,indoor_busy,indoor|outdoor|low_rf|high_rf|stationary|moving
bg00139,/home/gargoyle/drive/EDGE SYSTEM/RF SUBSYSTEM/SW/no-drone-data/nd_run_01/bg00139_20260307T073614Z_2437000000Hz_20971520sps_65g_s08.s16,no_drone,custom_bg,2437000000,20971520,65,s08,2026-03-07T07:36:14Z,outdoor_quiet,indoor|outdoor|low_rf|high_rf|stationary|moving
bg00140,/home/gargoyle/drive/EDGE SYSTEM/RF SUBSYSTEM/SW/no-drone-data/nd_run_01/bg00140_20260307T074532Z_2437000000Hz_20971520sps_65g_s08.s16,no_drone,custom_bg,2437000000,20971520,65,s08,2026-03-07T07:45:32Z,outdoor_busy,indoor|outdoor|low_rf|high_rf|stationary|moving
bg00141,/home/gargoyle/drive/EDGE SYSTEM/RF SUBSYSTEM/SW/no-drone-data/nd_run_01/bg00141_20260307T075011Z_2437000000Hz_20971520sps_65g_s08.s16,no_drone,custom_bg,2437000000,20971520,65,s08,2026-03-07T07:50:11Z,indoor_quiet,indoor|outdoor|low_rf|high_rf|stationary|moving
bg00142,/home/gargoyle/drive/EDGE SYSTEM/RF SUBSYSTEM/SW/no-drone-data/nd_run_01/bg00142_20260307T075441Z_2437000000Hz_20971520sps_65g_s08.s16,no_drone,custom_bg,2437000000,20971520,65,s08,2026-03-07T07:54:41Z,indoor_busy,indoor|outdoor|low_rf|high_rf|stationary|moving
bg00143,/home/gargoyle/drive/EDGE SYSTEM/RF SUBSYSTEM/SW/no-drone-data/nd_run_01/bg00143_20260307T075905Z_2437000000Hz_20971520sps_65g_s08.s16,no_drone,custom_bg,2437000000,20971520,65,s08,2026-03-07T07:59:05Z,outdoor_quiet,indoor|outdoor|low_rf|high_rf|stationary|moving
bg00144,/home/gargoyle/drive/EDGE SYSTEM/RF SUBSYSTEM/SW/no-drone-data/nd_run_01/bg00144_20260307T080330Z_2437000000Hz_20971520sps_65g_s08.s16,no_drone,custom_bg,2437000000,20971520,65,s08,2026-03-07T08:03:30Z,outdoor_busy,indoor|outdoor|low_rf|high_rf|stationary|moving
bg00145,/home/gargoyle/drive/EDGE SYSTEM/RF SUBSYSTEM/SW/no-drone-data/nd_run_01/bg00145_20260307T080800Z_2437000000Hz_20971520sps_35g_s09.s16,no_drone,custom_bg,2437000000,20971520,35,s09,2026-03-07T08:08:00Z,indoor_quiet,indoor|outdoor|low_rf|high_rf|stationary|moving
bg00146,/home/gargoyle/drive/EDGE SYSTEM/RF SUBSYSTEM/SW/no-drone-data/nd_run_01/bg00146_20260307T081230Z_2437000000Hz_20971520sps_35g_s09.s16,no_drone,custom_bg,2437000000,20971520,35,s09,2026-03-07T08:12:30Z,indoor_busy,indoor|outdoor|low_rf|high_rf|stationary|moving
bg00147,/home/gargoyle/drive/EDGE SYSTEM/RF SUBSYSTEM/SW/no-drone-data/nd_run_01/bg00147_20260307T081703Z_2437000000Hz_20971520sps_35g_s09.s16,no_drone,custom_bg,2437000000,20971520,35,s09,2026-03-07T08:17:03Z,outdoor_quiet,indoor|outdoor|low_rf|high_rf|stationary|moving
bg00148,/home/gargoyle/drive/EDGE SYSTEM/RF SUBSYSTEM/SW/no-drone-data/nd_run_01/bg00148_20260307T082139Z_2437000000Hz_20971520sps_35g_s09.s16,no_drone,custom_bg,2437000000,20971520,35,s09,2026-03-07T08:21:39Z,outdoor_busy,indoor|outdoor|low_rf|high_rf|stationary|moving
bg00149,/home/gargoyle/drive/EDGE SYSTEM/RF SUBSYSTEM/SW/no-drone-data/nd_run_01/bg00149_20260307T082618Z_2437000000Hz_20971520sps_35g_s09.s16,no_drone,custom_bg,2437000000,20971520,35,s09,2026-03-07T08:26:18Z,indoor_quiet,indoor|outdoor|low_rf|high_rf|stationary|moving
bg00150,/home/gargoyle/drive/EDGE SYSTEM/RF SUBSYSTEM/SW/no-drone-data/nd_run_01/bg00150_20260307T083101Z_2437000000Hz_20971520sps_35g_s09.s16,no_drone,custom_bg,2437000000,20971520,35,s09,2026-03-07T08:31:01Z,indoor_busy,indoor|outdoor|low_rf|high_rf|stationary|moving
bg00151,/home/gargoyle/drive/EDGE SYSTEM/RF SUBSYSTEM/SW/no-drone-data/nd_run_01/bg00151_20260307T083527Z_2437000000Hz_20971520sps_50g_s09.s16,no_drone,custom_bg,2437000000,20971520,50,s09,2026-03-07T08:35:27Z,outdoor_quiet,indoor|outdoor|low_rf|high_rf|stationary|moving
bg00152,/home/gargoyle/drive/EDGE SYSTEM/RF SUBSYSTEM/SW/no-drone-data/nd_run_01/bg00152_20260307T083953Z_2437000000Hz_20971520sps_50g_s09.s16,no_drone,custom_bg,2437000000,20971520,50,s09,2026-03-07T08:39:53Z,outdoor_busy,indoor|outdoor|low_rf|high_rf|stationary|moving
bg00153,/home/gargoyle/drive/EDGE SYSTEM/RF SUBSYSTEM/SW/no-drone-data/nd_run_01/bg00153_20260307T084415Z_2437000000Hz_20971520sps_50g_s09.s16,no_drone,custom_bg,2437000000,20971520,50,s09,2026-03-07T08:44:15Z,indoor_quiet,indoor|outdoor|low_rf|high_rf|stationary|moving
bg00154,/home/gargoyle/drive/EDGE SYSTEM/RF SUBSYSTEM/SW/no-drone-data/nd_run_01/bg00154_20260307T084826Z_2437000000Hz_20971520sps_50g_s09.s16,no_drone,custom_bg,2437000000,20971520,50,s09,2026-03-07T08:48:26Z,indoor_busy,indoor|outdoor|low_rf|high_rf|stationary|moving
bg00155,/home/gargoyle/drive/EDGE SYSTEM/RF SUBSYSTEM/SW/no-drone-data/nd_run_01/bg00155_20260307T085244Z_2437000000Hz_20971520sps_50g_s09.s16,no_drone,custom_bg,2437000000,20971520,50,s09,2026-03-07T08:52:44Z,outdoor_quiet,indoor|outdoor|low_rf|high_rf|stationary|moving
bg00156,/home/gargoyle/drive/EDGE SYSTEM/RF SUBSYSTEM/SW/no-drone-data/nd_run_01/bg00156_20260307T085657Z_2437000000Hz_20971520sps_50g_s09.s16,no_drone,custom_bg,2437000000,20971520,50,s09,2026-03-07T08:56:57Z,outdoor_busy,indoor|outdoor|low_rf|high_rf|stationary|moving
bg00157,/home/gargoyle/drive/EDGE SYSTEM/RF SUBSYSTEM/SW/no-drone-data/nd_run_01/bg00157_20260307T090111Z_2437000000Hz_20971520sps_65g_s09.s16,no_drone,custom_bg,2437000000,20971520,65,s09,2026-03-07T09:01:11Z,indoor_quiet,indoor|outdoor|low_rf|high_rf|stationary|moving
bg00158,/home/gargoyle/drive/EDGE SYSTEM/RF SUBSYSTEM/SW/no-drone-data/nd_run_01/bg00158_20260307T090522Z_2437000000Hz_20971520sps_65g_s09.s16,no_drone,custom_bg,2437000000,20971520,65,s09,2026-03-07T09:05:22Z,indoor_busy,indoor|outdoor|low_rf|high_rf|stationary|moving
bg00159,/home/gargoyle/drive/EDGE SYSTEM/RF SUBSYSTEM/SW/no-drone-data/nd_run_01/bg00159_20260307T090935Z_2437000000Hz_20971520sps_65g_s09.s16,no_drone,custom_bg,2437000000,20971520,65,s09,2026-03-07T09:09:35Z,outdoor_quiet,indoor|outdoor|low_rf|high_rf|stationary|moving
bg00160,/home/gargoyle/drive/EDGE SYSTEM/RF SUBSYSTEM/SW/no-drone-data/nd_run_01/bg00160_20260307T091346Z_2437000000Hz_20971520sps_65g_s09.s16,no_drone,custom_bg,2437000000,20971520,65,s09,2026-03-07T09:13:46Z,outdoor_busy,indoor|outdoor|low_rf|high_rf|stationary|moving
bg00161,/home/gargoyle/drive/EDGE SYSTEM/RF SUBSYSTEM/SW/no-drone-data/nd_run_01/bg00161_20260307T091805Z_2437000000Hz_20971520sps_65g_s09.s16,no_drone,custom_bg,2437000000,20971520,65,s09,2026-03-07T09:18:05Z,indoor_quiet,indoor|outdoor|low_rf|high_rf|stationary|moving
bg00162,/home/gargoyle/drive/EDGE SYSTEM/RF SUBSYSTEM/SW/no-drone-data/nd_run_01/bg00162_20260307T092215Z_2437000000Hz_20971520sps_65g_s09.s16,no_drone,custom_bg,2437000000,20971520,65,s09,2026-03-07T09:22:15Z,indoor_busy,indoor|outdoor|low_rf|high_rf|stationary|moving
bg00163,/home/gargoyle/drive/EDGE SYSTEM/RF SUBSYSTEM/SW/no-drone-data/nd_run_01/bg00163_20260307T092628Z_2437000000Hz_20971520sps_35g_s10.s16,no_drone,custom_bg,2437000000,20971520,35,s10,2026-03-07T09:26:28Z,outdoor_quiet,indoor|outdoor|low_rf|high_rf|stationary|moving
bg00164,/home/gargoyle/drive/EDGE SYSTEM/RF SUBSYSTEM/SW/no-drone-data/nd_run_01/bg00164_20260307T093044Z_2437000000Hz_20971520sps_35g_s10.s16,no_drone,custom_bg,2437000000,20971520,35,s10,2026-03-07T09:30:44Z,outdoor_busy,indoor|outdoor|low_rf|high_rf|stationary|moving
bg00165,/home/gargoyle/drive/EDGE SYSTEM/RF SUBSYSTEM/SW/no-drone-data/nd_run_01/bg00165_20260307T093459Z_2437000000Hz_20971520sps_35g_s10.s16,no_drone,custom_bg,2437000000,20971520,35,s10,2026-03-07T09:34:59Z,indoor_quiet,indoor|outdoor|low_rf|high_rf|stationary|moving
bg00166,/home/gargoyle/drive/EDGE SYSTEM/RF SUBSYSTEM/SW/no-drone-data/nd_run_01/bg00166_20260307T093913Z_2437000000Hz_20971520sps_35g_s10.s16,no_drone,custom_bg,2437000000,20971520,35,s10,2026-03-07T09:39:13Z,indoor_busy,indoor|outdoor|low_rf|high_rf|stationary|moving
bg00167,/home/gargoyle/drive/EDGE SYSTEM/RF SUBSYSTEM/SW/no-drone-data/nd_run_01/bg00167_20260307T094327Z_2437000000Hz_20971520sps_35g_s10.s16,no_drone,custom_bg,2437000000,20971520,35,s10,2026-03-07T09:43:27Z,outdoor_quiet,indoor|outdoor|low_rf|high_rf|stationary|moving
bg00168,/home/gargoyle/drive/EDGE SYSTEM/RF SUBSYSTEM/SW/no-drone-data/nd_run_01/bg00168_20260307T094746Z_2437000000Hz_20971520sps_35g_s10.s16,no_drone,custom_bg,2437000000,20971520,35,s10,2026-03-07T09:47:46Z,outdoor_busy,indoor|outdoor|low_rf|high_rf|stationary|moving
bg00169,/home/gargoyle/drive/EDGE SYSTEM/RF SUBSYSTEM/SW/no-drone-data/nd_run_01/bg00169_20260307T095159Z_2437000000Hz_20971520sps_50g_s10.s16,no_drone,custom_bg,2437000000,20971520,50,s10,2026-03-07T09:51:59Z,indoor_quiet,indoor|outdoor|low_rf|high_rf|stationary|moving
bg00170,/home/gargoyle/drive/EDGE SYSTEM/RF SUBSYSTEM/SW/no-drone-data/nd_run_01/bg00170_20260307T095614Z_2437000000Hz_20971520sps_50g_s10.s16,no_drone,custom_bg,2437000000,20971520,50,s10,2026-03-07T09:56:14Z,indoor_busy,indoor|outdoor|low_rf|high_rf|stationary|moving
bg00171,/home/gargoyle/drive/EDGE SYSTEM/RF SUBSYSTEM/SW/no-drone-data/nd_run_01/bg00171_20260307T100027Z_2437000000Hz_20971520sps_50g_s10.s16,no_drone,custom_bg,2437000000,20971520,50,s10,2026-03-07T10:00:27Z,outdoor_quiet,indoor|outdoor|low_rf|high_rf|stationary|moving
bg00172,/home/gargoyle/drive/EDGE SYSTEM/RF SUBSYSTEM/SW/no-drone-data/nd_run_01/bg00172_20260307T100441Z_2437000000Hz_20971520sps_50g_s10.s16,no_drone,custom_bg,2437000000,20971520,50,s10,2026-03-07T10:04:41Z,outdoor_busy,indoor|outdoor|low_rf|high_rf|stationary|moving
bg00173,/home/gargoyle/drive/EDGE SYSTEM/RF SUBSYSTEM/SW/no-drone-data/nd_run_01/bg00173_20260307T100854Z_2437000000Hz_20971520sps_50g_s10.s16,no_drone,custom_bg,2437000000,20971520,50,s10,2026-03-07T10:08:54Z,indoor_quiet,indoor|outdoor|low_rf|high_rf|stationary|moving
bg00174,/home/gargoyle/drive/EDGE SYSTEM/RF SUBSYSTEM/SW/no-drone-data/nd_run_01/bg00174_20260307T101319Z_2437000000Hz_20971520sps_50g_s10.s16,no_drone,custom_bg,2437000000,20971520,50,s10,2026-03-07T10:13:19Z,indoor_busy,indoor|outdoor|low_rf|high_rf|stationary|moving
bg00175,/home/gargoyle/drive/EDGE SYSTEM/RF SUBSYSTEM/SW/no-drone-data/nd_run_01/bg00175_20260307T101758Z_2437000000Hz_20971520sps_65g_s10.s16,no_drone,custom_bg,2437000000,20971520,65,s10,2026-03-07T10:17:58Z,outdoor_quiet,indoor|outdoor|low_rf|high_rf|stationary|moving
bg00176,/home/gargoyle/drive/EDGE SYSTEM/RF SUBSYSTEM/SW/no-drone-data/nd_run_01/bg00176_20260307T102227Z_2437000000Hz_20971520sps_65g_s10.s16,no_drone,custom_bg,2437000000,20971520,65,s10,2026-03-07T10:22:27Z,outdoor_busy,indoor|outdoor|low_rf|high_rf|stationary|moving
bg00177,/home/gargoyle/drive/EDGE SYSTEM/RF SUBSYSTEM/SW/no-drone-data/nd_run_01/bg00177_20260307T102701Z_2437000000Hz_20971520sps_65g_s10.s16,no_drone,custom_bg,2437000000,20971520,65,s10,2026-03-07T10:27:01Z,indoor_quiet,indoor|outdoor|low_rf|high_rf|stationary|moving
bg00178,/home/gargoyle/drive/EDGE SYSTEM/RF SUBSYSTEM/SW/no-drone-data/nd_run_01/bg00178_20260307T103152Z_2437000000Hz_20971520sps_65g_s10.s16,no_drone,custom_bg,2437000000,20971520,65,s10,2026-03-07T10:31:52Z,indoor_busy,indoor|outdoor|low_rf|high_rf|stationary|moving
bg00179,/home/gargoyle/drive/EDGE SYSTEM/RF SUBSYSTEM/SW/no-drone-data/nd_run_01/bg00179_20260307T103632Z_2437000000Hz_20971520sps_65g_s10.s16,no_drone,custom_bg,2437000000,20971520,65,s10,2026-03-07T10:36:32Z,outdoor_quiet,indoor|outdoor|low_rf|high_rf|stationary|moving
bg00180,/home/gargoyle/drive/EDGE SYSTEM/RF SUBSYSTEM/SW/no-drone-data/nd_run_01/bg00180_20260307T104101Z_2437000000Hz_20971520sps_65g_s10.s16,no_drone,custom_bg,2437000000,20971520,65,s10,2026-03-07T10:41:01Z,outdoor_busy,indoor|outdoor|low_rf|high_rf|stationary|moving
